date,text,anger,anticipation,disgust,fear,joy,negative,positive,sadness,surprise,trust,total_negative,total_positive
2013-11-07T17:36:00Z,What career advice would you ask a leading exec at a global firm? Tweet a Q using # AskJPM. On 11/14 a $ JPM leader takes over @ JPMorgan,0,1,0,0,0,0,2,0,0,3,0,6
2013-11-08T16:33:00Z,"He's been a part of Wall St.'s biggest deals @ Dell, @ GM. $ JPM Vice Chairman Jimmy Lee takes over @ JPMorgan on 11/14 # AskJPM",0,0,0,0,0,1,1,0,0,1,1,2
2013-11-08T22:05:00Z,"On Nov. 14 at 1pm ET $ JPM Vice Chairman, Jimmy Lee will host a Q&A ? tweet your questions early using # AskJPM",0,0,0,0,0,1,1,0,0,1,1,2
2013-11-09T20:30:00Z,"$ JPM VC Jimmy Lee will do his 1st Q&A on his experiences, leadership & career advice at 1pm ET on 11/14. Tweet questions using # AskJPM",0,1,0,0,0,0,1,0,0,1,0,3
2013-11-10T16:05:00Z,$ JPM Vice Chairman Jimmy Lee is taking over @ JPMorgan on 11/14 at 1pm ET. Use # AskJPM for a chance to have him answer your question.,0,0,0,0,0,1,2,0,1,1,1,4
2013-11-10T16:24:00Z,@ jpmorgan Has social media changed the way $ JPM does business / communicates? How many people on $ JPM's social media team? # AskJPM,0,0,0,0,0,0,0,0,0,1,0,1
2013-11-10T23:05:00Z,"On Nov. 14 at 1pm ET $ JPM Vice Chairman, Jimmy Lee will host a Q&A ? tweet your questions early using # AskJPM",0,0,0,0,0,1,1,0,0,1,1,2
2013-11-11T19:31:00Z,@ jpmorgan Is it true PM stands for Just Pay More # AskJPM,0,1,0,0,2,0,2,0,0,2,0,7
2013-11-11T19:35:00Z,"@ jpmorgan Oh, come on. I was teasing! # AskJPM :)",1,0,0,1,0,1,0,0,0,0,3,0
2013-11-11T19:38:00Z,# AskJPM What is the maximum amount of material wealth that a person can accumulate and still be allowed into Heaven?,0,0,0,0,1,0,2,0,0,1,0,4
2013-11-11T19:46:00Z,What do you consider the most important part of your job? # AskJPM,0,0,0,0,0,0,2,0,0,1,0,3
2013-11-11T23:04:00Z,"Great brand approach RT @ jpmorgan: # TwitterTakeover: On 11/14 $ JPM Vice Chairman, Jimmy Lee, takes over @ JPMorgan to answer q's. Use # AskJPM",0,0,0,0,0,1,1,0,0,1,1,2
2013-11-12T16:45:00Z,"In 2 days $ JPM's Jimmy Lee, takes over @ JPMorgan to answer your questions. Use # AskJPM to submit your question early http://jpm.com/x/a/NFPV4Fj",0,1,0,0,0,0,1,0,0,0,0,2
2013-11-13T16:16:00Z,Tomorrow at 1pm ET $ JPM Vice Chairman Jimmy Lee takes over @ JPMorgan to answer your questions for 1 hour. Tweet your Q early using # AskJPM,0,1,0,0,0,1,1,0,0,1,1,3
2013-11-13T18:26:00Z,$ JPM VC Jimmy Lee is taking over @ JPMorgan on 11/14 at 1pm ET. Tweet Qs using # AskJPM & learn more about him here: http://jpm.com/x/a/NFPV4Fj,0,0,0,0,0,0,1,0,0,0,0,1
2013-11-13T20:45:00Z,# AskJPM Does Jimmy Lee really cheat at golf? http://bit.ly/18sWnEt (asking for a friend @ dan_freed),1,0,1,0,1,1,1,0,0,1,3,3
2013-11-13T21:03:00Z,"Do you have an org chart that's perfectly analogous to the criminal underworld - capo, made man - or do you just wing it? # AskJPM",1,0,1,1,0,1,0,0,0,1,4,1
2013-11-13T21:07:00Z,"Will the firm explore new markets, like selling candy-backed securities to babies w/o disclosing the lack of chocolate in the bonds? # AskJPM",0,2,0,0,1,2,1,0,0,2,2,6
2013-11-13T21:10:00Z,Do you have a secret jail in your offices so your executives get at least one chance to see the inside of one? # AskJPM,0,0,0,1,0,1,0,1,1,1,3,2
2013-11-13T21:13:00Z,"Isn't it better for the economy having a bunch of jobs paying $50,000 to $60,000 a year than one making 7, 8 or 9 figures? # AskJPM",0,0,0,0,0,0,0,0,0,1,0,1
2013-11-13T21:17:00Z,@ alexisgoldstein assuming you'll get on board soon with # AskJPM,0,1,0,0,0,0,0,0,0,0,0,1
2013-11-13T21:18:00Z,How exactly do your hurt feelings prevent job/wage growth? # AskJPM,1,0,0,2,0,1,2,1,0,0,5,2
2013-11-13T21:20:00Z,"Crime: A) Totally pays, just look at us B) Boy I don't know C) If a market-maker does it that means it's not illegal # AskJPM",2,0,2,1,0,3,0,1,0,0,9,0
2013-11-13T21:26:00Z,At what number of Billions of Dollars in fines will it no longer be profitable to run your criminal enterprise? # askjpm,1,0,1,1,0,1,0,0,0,0,4,0
2013-11-13T21:28:00Z,Did you have a specific number of people's lives you needed to ruin before you considered your business model a success? # AskJPM,0,1,0,1,1,1,2,1,0,0,3,4
2013-11-13T21:29:00Z,# AskJPM Question: Is Jamie Dimon still regularly having sex with a goat? Thank you!,0,1,0,0,1,0,2,0,0,1,0,5
2013-11-13T21:29:00Z,Will this new settlement help keep wrongfully foreclosed people like Jaymie and Sergio in their homes or just provide paltry checks? # AskJPM,0,0,0,0,0,0,1,0,0,1,0,2
2013-11-13T21:33:00Z,Do you also get mixed up over what federal agency wants to sue you for what illegal conduct? Do you need spreadsheet help? # AskJPM,2,0,1,1,0,2,0,2,0,0,8,0
2013-11-13T21:33:00Z,Have any questions for J.P. Morgan? # AskJPM http://ift.tt/1aq2JHX # OccupyWB # OccupyIMF http://www.noworldbank.com # Usury # LiborGate # DIYMoney,0,0,0,0,0,1,0,0,0,0,1,0
2013-11-13T21:34:00Z,@ alexisgoldstein @ stacyherbert @ jpmorgan @ StrikeDebt @ OccupyWallSt @ OccupyWallStNYC Does Blair do his freak show with Mandy at AGMs # AskJPM,0,0,0,0,0,0,0,0,0,1,0,1
2013-11-13T21:37:00Z,How many homeless people did you create in '08? # AskJPM,1,1,1,1,1,1,1,1,0,0,5,3
2013-11-13T21:37:00Z,"Is it the ability to throw anyone out of their home that drives you, or just the satisfaction that you know you COULD do it? # AskJPM",0,0,0,0,0,0,1,0,0,0,0,1
2013-11-13T21:38:00Z,@ alexisgoldstein @ stacyherbert @ jpmorgan Hows it feel being the Worlds Criminal Bank? # AskJPM # 1BillionDollars # Banksters # Wankers,1,0,1,1,0,1,0,0,0,1,4,1
2013-11-13T21:40:00Z,"If it came out Jamie Dimon had a propensity for eating Irish children, would you fire him? What if he's still  good earner? # AskJPM",0,1,0,1,1,0,1,0,1,1,1,5
2013-11-13T21:41:00Z,@ alexisgoldstein @ stacyherbert @ jpmorgan Are you first in line forTony's butt hole? # AskJPM # WhosDaManWhosDaBitch,0,0,0,0,0,1,0,0,0,0,1,0
2013-11-13T21:41:00Z,MT @ ddayen: Do you also get mixed up over what fed agency wants to sue you for what illegal conduct? Do you need spreadsheet help? # AskJPM,2,0,1,1,0,2,0,2,0,0,8,0
2013-11-13T21:41:00Z,So @ jpmorgan really created a hash tag ( # AskJPM) where anyone can tweet them ANY question? I'm guessing they're regretting that about now.,0,0,0,0,0,2,1,1,0,0,3,1
2013-11-13T21:43:00Z,"Every time another person loses their home to an illegal foreclosure, does a bell ring? # AskJPM",1,1,1,1,0,1,0,1,0,0,5,1
2013-11-13T21:43:00Z,Have you ever wondered what evil looked like in the world? # AskJPM # jailbankers # SergiosHouse @ jpmorgan,1,0,1,1,0,1,0,1,0,0,5,0
2013-11-13T21:43:00Z,"Why do you think its ok to outright lie, cheat and steal? # AskJPM # occupy # SergiosHouse . @ jpmorgan",3,0,2,1,0,3,1,2,0,0,11,1
2013-11-13T21:44:00Z,When Jamie Dimon eats babies are they served rare? I understand anything above medium-rare is considered gauche. # AskJPM,0,0,0,0,0,1,0,0,0,0,1,0
2013-11-13T21:45:00Z,". @ JPMorgan, did you short # BearSterns stocks to crash them yourself, or just pick up the pieces to patch your balance sheet after? # AskJPM",0,0,0,1,0,3,2,1,1,0,5,3
2013-11-13T21:45:00Z,Are you proud of being one of the largest welfare recipients on the planet? # AskJPM,0,1,0,0,1,0,1,0,0,1,0,4
2013-11-13T21:45:00Z,"Did you know that the hero of IT'S A WONDERFUL LIFE is actually George Bailey, and NOT Mr. Potter? Pretty crazy amirite? # AskJPM",1,2,0,1,3,1,3,1,2,3,4,13
2013-11-13T21:45:00Z,"Will the number of people who eventually starve to death due to JP Morgan fraud exceed holocaust numbers, or greatly exceed them? # AskJPM",3,3,2,2,2,3,3,2,1,0,12,9
2013-11-13T21:46:00Z,"@ alexisgoldstein @ stacyherbert @ jpmorgan How much did you pay Tony Blair for Iraq War? You know, 3 months after. # AskJPM",0,1,0,1,1,1,1,0,0,1,2,4
2013-11-13T21:46:00Z,@ jpmorgan Is it true PM stands for Just Pay More # AskJPM,0,1,0,0,2,0,2,0,0,2,0,7
2013-11-13T21:46:00Z,@alyssa011968 this feels like advise :) check out the # AskJPM tag,0,0,0,0,0,0,1,0,0,1,0,2
2013-11-13T21:46:00Z,"Do you like puppies? If you had a puppy, what would you name him? # AskJPM",0,1,0,0,0,0,1,0,0,1,0,3
2013-11-13T21:46:00Z,When are JPM gonna stop manipulate the silvermarket? # AskJPM,0,0,0,0,0,1,0,0,0,0,1,0
2013-11-13T21:47:00Z,@ alexisgoldstein @ stacyherbert @ jpmorgan What's the name of the Trust JPM have set up for Tony Blair? # AskJPM Forgotten have we?,0,0,0,1,0,1,0,1,0,1,3,1
2013-11-13T21:47:00Z,Does Jamie Dimon give off a cannibal vibe or something? A lot of accusations flying on # AskJPM,0,0,1,2,0,1,1,0,0,0,4,1
2013-11-13T21:47:00Z,"If you feel like a failure, imagine being the person who came up with # AskJPM",0,0,1,1,0,1,0,1,0,0,4,0
2013-11-13T21:47:00Z,"piling onto @ alexisgoldstein's last Q, do you have a target rate of recidivism for execs before you promote them? # AskJPM",1,0,1,0,0,1,0,1,0,0,4,0
2013-11-13T21:47:00Z,Worth browsing. Wowza - RT @ kevinroose: Bet the JPMorgan PR team is less than thrilled with how # AskJPM is going.,0,0,0,0,0,0,1,0,0,1,0,2
2013-11-13T21:47:00Z,Yo @ YourAnonNews and everyone tweet out using the # AskJPM hashtag! I'm concerned Voldemort is running the show there...Confirm/Deny? # ows,1,0,0,1,0,1,0,1,0,1,4,1
2013-11-13T21:48:00Z,Is it true a young Satan would cower under the covers at night fearing there was a Jamie Dimon under the bed? # AskJPM,0,1,0,1,2,1,2,0,1,1,2,7
2013-11-13T21:48:00Z,"Ouch. But what *were* they thinking? RT @ rachelsedelman: If you feel like a failure, imagine being the person who came up with # AskJPM",0,0,1,1,0,1,0,1,0,0,4,0
2013-11-13T21:48:00Z,"RT @ matt_levine: Do you like puppies? If you had a puppy, what would you name him? # AskJPM",0,1,0,0,0,0,1,0,0,1,0,3
2013-11-13T21:48:00Z,Should we assume # BerateJPM ht was already taken? @ kevinroose 4m Bet the JPMorgan PR team is less than thrilled with how # AskJPM is going.,0,0,0,0,0,0,0,0,0,1,0,1
2013-11-13T21:49:00Z,"@ alexisgoldstein @ stacyherbert @ jpmorgan We should not be rude and include @ tonyblairoffice in this debate # AskJPM come on Tone, how much?",0,0,0,0,0,0,2,0,0,0,0,2
2013-11-13T21:49:00Z,# askJPM is an interesting read,0,0,0,0,0,0,1,0,0,0,0,1
2013-11-13T21:49:00Z,1. Look up # AskJPM 2. Laugh. Loudly.,0,0,0,0,1,0,1,0,1,0,0,3
2013-11-13T21:49:00Z,Is Jamie Dimon's smile washable? # AskJPM,0,0,0,0,1,0,1,0,1,1,0,4
2013-11-13T21:49:00Z,There's no such thing as bad publicity? RT @ kevinroose Bet the JPMorgan PR team is less than thrilled with how # AskJPM is going.,1,0,1,1,0,1,0,1,0,1,5,1
2013-11-13T21:49:00Z,Why did you have Sergio's utilities cut after promising to sell his house back at fair market value? # AskJPM # sergioshouse,0,0,0,0,0,0,2,0,0,0,0,2
2013-11-13T21:49:00Z,"With everything you now know; the suffering, expense, lives ruined all for YOUR profits... You'd do it again, right? # AskJPM",1,0,2,2,0,2,0,2,0,0,9,0
2013-11-13T21:50:00Z,# AskJPM ... oh boy ...,0,0,1,0,0,1,0,0,0,0,2,0
2013-11-13T21:50:00Z,"Adventures in PR... RT @ kevinroose: Would you rather negotiate with 1 horse-sized Eric Holder, or 100 duck-sized Eric Holders? # AskJPM",0,0,0,0,0,0,1,0,0,2,0,3
2013-11-13T21:50:00Z,Do you believe in crime and punishment? # AskJPM # occupy # SergiosHouse . @ jpmorgan,2,0,1,1,0,2,1,0,0,0,6,1
2013-11-13T21:50:00Z,Ever wish you could give JP Morgan/Chase a piece of your mind? Check out the hashtag # AskJPM right now.,0,0,0,0,0,1,0,0,0,0,1,0
2013-11-13T21:51:00Z,# AskJPM why did u think this would be a good idea,0,1,0,0,1,0,1,0,1,1,0,5
2013-11-13T21:51:00Z,"If youd like a Wall St related chuckle, check out # AskJPM, for which at least one member of @ jpmorgan's crack team of PR dudes lost his job",0,1,0,0,1,2,2,1,1,3,3,8
2013-11-13T21:51:00Z,This does not seem like the most ... well-thought-out social media experiment RT @ LizMoyer # askJPM is an interesting read,0,2,0,0,0,0,1,0,1,0,0,4
2013-11-13T21:52:00Z,Can my ma and I move into one of yer second homes after you evict us? # AskJPM,0,0,0,0,0,1,0,1,0,0,2,0
2013-11-13T21:52:00Z,Not sure the # AskJPM hashtag is going exactly as planned for $ JPM's social media team. See previous tweet. Thanks @ taralach for flagging,0,0,0,0,0,1,0,0,0,1,1,1
2013-11-13T21:52:00Z,RT @ occupywallst: Ever wish you could give JP Morgan/Chase a piece of your mind? Check out the hashtag # AskJPM right now.,0,0,0,0,0,1,0,0,0,0,1,0
2013-11-13T21:53:00Z,"Are you a Samantha, Carrie, Miranda or Charlotte? I tend to think you're a Samantha. Do you agree? # AskJPM",0,0,0,0,0,0,1,0,0,0,0,1
2013-11-13T21:53:00Z,"Does it feel better paying the biggest bank fines in history so far, or did the satisfaction of the crimes outweigh the fines? # AskJPM",0,0,0,0,0,0,0,0,0,1,0,1
2013-11-13T21:53:00Z,If your company donates money to a charity how do I know those funds were not from an illegal foreclosure? # AskJPM # ows @ OccupyHomesMN,2,1,1,1,2,1,2,1,1,1,6,7
2013-11-13T21:53:00Z,RT @ amy10506: Did you have a specific number of people's lives you needed to ruin before you considered your model a success? # AskJPM,0,1,0,1,1,1,2,1,0,0,3,4
2013-11-13T21:53:00Z,RT @ Talking_Monkeys: Is it true a young Satan would cower under the covers at night fearing there was a Jamie Dimon under the bed? # AskJPM,0,1,0,1,2,1,2,0,1,1,2,7
2013-11-13T21:54:00Z,"# AskJPM Is it true that, while you don't always spit on poor people, when you do, you have perfect aim?",0,1,1,0,2,0,2,0,0,2,1,7
2013-11-13T21:54:00Z,# AskJPM what's the easiest way to leave a nondescript van in your underground parking,0,0,0,0,0,1,0,1,1,0,2,1
2013-11-13T21:54:00Z,Reading the # AskJPM Twitter feed makes it seem JPM put a ick me sticker on its back when it rolled out that hashtag.,0,0,0,0,0,0,1,0,0,0,0,1
2013-11-13T21:54:00Z,What's it like working with Mexican drug cartels? Do they tip? # AskJPM,0,0,0,0,0,0,1,0,0,0,0,1
2013-11-13T21:55:00Z,@ chris_gould89 what's the highest denomination note you've used as toilet paper? # AskJPM,0,1,1,1,1,2,1,0,1,0,4,4
2013-11-13T21:55:00Z,# AskJPM How did JPMorgan vote on last year's # Nacha proposal to move to same-day # ACH settlement? http://bit.ly/1hFVVw5 # Payments,1,1,0,0,1,1,1,1,1,1,3,5
2013-11-13T21:55:00Z,2 part question: Is gold still a afe haven and what would you say is air value for Obamacare? # AskJPM,0,0,0,0,0,0,3,0,0,1,0,4
2013-11-13T21:55:00Z,Apparently not. RT @ jacklord I'm sure # AskJPM is going to be a PR triumph,0,1,0,0,1,0,1,0,0,0,0,3
2013-11-13T21:55:00Z,"Hey @ JPMorgan, why are you trying to destroy my community by throwing neighbors out of their homes instead of negotiating? # AskJPM # JPM",0,0,0,0,0,0,1,0,0,0,0,1
2013-11-13T21:55:00Z,How much does previous criminal activity count in favor of a job candidate? # AskJPM,1,0,1,1,0,1,3,0,0,1,4,4
2013-11-13T21:55:00Z,"How much have you profited off Jaymie's foreclosure, including the 5x she's paid for her home? # AskJPM # jaymieshouse http://www.occupyhomesmn.org/electiondayraid",0,0,0,0,0,0,1,0,0,0,0,1
2013-11-13T21:55:00Z,I'm a young start-up investment bank who just did his first foreclosure. Do you have any mentoring or career advice? # AskJPM,0,3,0,0,1,0,2,0,1,2,0,9
2013-11-13T21:56:00Z,"@ OccupyWallSt I'm giving them many of # my2cents. @ jpmorgan is a community destroying, bloodsucker just # AskJPM # jailbankers",1,0,0,1,0,1,2,1,0,0,4,2
2013-11-13T21:56:00Z,# AskJPM What do you regard as the lowest depth of misery?,1,0,1,1,0,2,1,2,0,1,7,2
2013-11-13T21:56:00Z,And now let's focus on the big city corruption: # AskJPM.,0,0,1,0,0,1,1,0,0,0,2,1
2013-11-13T21:56:00Z,Corzine walking. RT @ retheauditors: # AskJPM What do you regard as the lowest depth of misery?,1,0,1,1,0,2,1,2,0,1,7,2
2013-11-13T21:56:00Z,"Did you always want to be part of a vast, corrupt criminal enterprise or did you reak bad? # AskJPM",2,0,2,2,0,3,0,1,0,0,10,0
2013-11-13T21:56:00Z,How much ground could a groundhog hog if a groundhog could hog ground? # AskJPM,0,0,2,0,0,2,0,0,0,2,4,2
2013-11-13T21:56:00Z,Is your hief Compliance Officer alive? Has anyone checked to see if he's in his office? # AskJPM,0,1,0,0,1,0,3,0,0,3,0,8
2013-11-13T21:56:00Z,RT @ EddyElfenbein: What's the best way to get blood stains out of a clown suit? # AskJPM,0,1,0,0,1,0,1,0,1,0,0,4
2013-11-13T21:56:00Z,What's the best way to get blood stains out of a clown suit? # AskJPM,0,1,0,0,1,0,1,0,1,0,0,4
2013-11-13T21:57:00Z,Do you have any deliverable gold left? # AskJPM,0,0,0,0,0,0,1,0,0,0,0,1
2013-11-13T21:57:00Z,Hey @ wilw @ jpmorgan wants people to send them questions using hashtag # AskJPM! Got any doozies? Did they finance The Phantom Menace? ;),1,0,0,2,0,2,0,0,0,0,5,0
2013-11-13T21:57:00Z,I laughed. I cried. RT @ EddyElfenbein: What's the best way to get blood stains out of a clown suit? # AskJPM,0,1,0,0,1,0,1,0,1,0,0,4
2013-11-13T21:57:00Z,"If you are in need of a chuckle, check out # AskJPM Yup, it was the brainchild of some soon to be former JPMorgan employee.",0,1,0,0,1,0,1,0,1,1,0,5
2013-11-13T21:57:00Z,"Oh, # AskJPM , never change.",0,0,0,1,0,0,0,0,0,0,1,0
2013-11-13T21:57:00Z,When will I be able to buy securities backed by ppl's disability payments that they give to JG Wentworth in exchange for cash now? # AskJPM,1,1,0,1,1,1,2,1,0,3,4,7
2013-11-13T21:57:00Z,Will the Fed taper in March? # askJPM,0,0,0,0,0,0,1,0,0,0,0,1
2013-11-13T21:58:00Z,@ jpmorgan How far do you and your financial sector gang members think you can push things before you are driven off the continent? # AskJPM,1,0,0,1,0,1,0,0,0,0,3,0
2013-11-13T21:58:00Z,"# AskJPM Is it more difficult to sell toxic mortgages, engage in stock fraud, buy a politician or develop a conscience?",1,1,1,1,0,2,2,0,0,1,5,4
2013-11-13T21:58:00Z,Didn't you think it would be a problem when you hired the Winnebago pilot from Spaceballs to be your CEO? # AskJPM,0,0,0,1,0,1,1,1,0,1,3,2
2013-11-13T21:58:00Z,How many dreams did you kill today? # AskJPM,0,0,0,1,0,1,0,1,0,0,3,0
2013-11-13T21:58:00Z,"If you were a shameless financial predator profiting off of the misery of your customers, what kind of predator would you be? # AskJPM",1,0,2,1,1,2,1,1,0,1,7,3
2013-11-13T21:58:00Z,Lonestar? RT @ jmaz: Didn't you think it would be a problem when you hired the Winnebago pilot from Spaceballs to be your CEO? # AskJPM,0,0,0,1,0,1,1,1,0,1,3,2
2013-11-13T21:58:00Z,OMG. JP Morgan's public relations department must feel like Custer's troops at the Little Big Horn. # AskJPM,0,1,0,0,0,0,1,0,0,0,0,2
2013-11-13T21:58:00Z,Why do teens love @ Circa? # AskJPM,0,0,0,0,1,1,2,0,0,0,1,3
2013-11-13T21:59:00Z,# AskJPM Are you guys aware that you still haven't hired brilliant analyst @ pzanitti? Don't let $ GS grab him first...,1,2,0,0,1,1,2,0,0,2,2,7
2013-11-13T21:59:00Z,# AskJPM Does your social media team really hate their jobs? Sad if UR only ones fired at JPM due to popular outrage at rampant criminality.,3,0,3,2,0,3,0,1,0,1,12,1
2013-11-13T21:59:00Z,At what point will you be accountable for your actions? # AskJPM # JPM,0,0,0,0,0,0,1,0,0,1,0,2
2013-11-13T21:59:00Z,Lloyd Blankfein and the entire executive suite are hunched over a first year analyst's twitter feed laughing their asses off over # AskJPM.,0,0,0,0,1,0,1,0,0,0,0,2
2013-11-13T21:59:00Z,What's your favorite type of whale? # AskJPM,0,0,0,0,1,0,1,0,0,1,0,3
2013-11-13T21:59:00Z,"What's your prefered instrument of torture for the ordinary serf, the ARM with a hidden balloon, or the variable rate CC? # AskJPM",1,1,1,1,0,2,0,1,1,0,6,2
2013-11-13T21:59:00Z,When will I be able to buy credit default swaps on the credit card accounts of people I know? # AskJPM,0,0,1,1,0,1,2,1,0,3,4,5
2013-11-13T22:00:00Z,"Are you Christian? If so, did you know the Bible outlaws usury? # AskJPM",0,0,0,0,0,1,0,0,0,0,1,0
2013-11-13T22:00:00Z,Did Ken Rogoff do any consulting work for you? # AskJPM,0,0,0,0,0,0,1,0,0,0,0,1
2013-11-13T22:00:00Z,I just want to know what kind of questions the creators of # AskJPM thought they were going to get before the deluge of raw hate began.,1,1,1,2,1,2,1,2,1,1,8,5
2013-11-13T22:00:00Z,"If you could be any kind of animal, what would you be? # AskJPM",0,0,0,0,1,0,1,0,0,1,0,3
2013-11-13T22:00:00Z,"RT @corpounreal: # AskJPM Do you not realize the vast majority of Americans know you are criminals, know ... http://m.tmi.me/1ca6Mf",0,0,0,0,1,0,1,0,0,1,0,3
2013-11-13T22:00:00Z,Suck it? # AskJPM,0,0,0,0,0,1,0,0,0,0,1,0
2013-11-13T22:00:00Z,Would you say it was a great recession or the greatest recession? # AskJPM,2,0,2,2,0,2,0,2,0,0,10,0
2013-11-13T22:01:00Z,"# AskJPM: When screwing the devil, are you a top or a bottom? Were you playing ust the tip this time?",1,3,1,1,0,2,1,2,0,1,7,5
2013-11-13T22:01:00Z,"Body of an eagle, head of a bear # JackDonaghyftw RT @ SconsetCapital: If you could be any kind of animal, what would you be? # AskJPM",1,0,0,1,1,0,1,0,0,2,2,4
2013-11-13T22:01:00Z,"Do you ever feel terrible about your crimes and utter lack of social utility? If so, do you buy something, snort something, or both? # AskJPM",1,0,1,1,0,2,1,2,0,0,7,1
2013-11-13T22:01:00Z,"Given the unqualified success of # AskJPM, I'm really looking forward to # AskBofA, # AskCiti and # AskWells. Should be any day now.",0,1,0,0,1,0,2,0,0,0,0,4
2013-11-13T22:01:00Z,"Oh, Oh, Oh! I forgot to ask in that last Q. What's it like applying leeches for a living? # AskJPM",0,0,1,1,0,1,0,0,0,0,3,0
2013-11-13T22:01:00Z,Pretty sure # askJPM is the busiest hashtag over the last 10 minutes.... And it's hilarious.,0,1,0,0,2,0,2,0,1,1,0,7
2013-11-13T22:01:00Z,"RT @ alexisgoldstein # AskJPM when you had to pay $100M to @ CFTC for credit mkt manipulation, were you like, kt making IS manipulation!",2,1,0,2,1,2,2,0,0,2,6,6
2013-11-13T22:01:00Z,"To foreclose or not to foreclose, that is the question. # AskJPM # WhyBotherAskingTheAnswerIsAlwaysToForeclose",0,0,0,2,0,2,1,2,0,0,6,1
2013-11-13T22:01:00Z,why would @ jpmorgan go with the vice chairman when they could have the narc chairman # askjpm,0,0,0,0,0,1,2,0,0,2,1,4
2013-11-13T22:01:00Z,"Would you say that your absurd disregard for long-term profits in favor of short-term illusory growth is evil, or just stupid? # AskJPM",1,1,1,1,0,4,1,1,0,0,8,2
2013-11-13T22:01:00Z,Yes. I do have a question. Who is in charge of your marketing? # AskJPM,0,0,0,0,0,0,1,0,0,0,0,1
2013-11-13T22:01:00Z,"You, Anthony of course. RT @ AntDeRosa: Why do teens love @ Circa? # AskJPM",0,0,0,0,1,1,2,0,0,0,1,3
2013-11-13T22:02:00Z,# AskJPM: Giving reasons why marketing doesn't really work on Twitter since 2013,0,0,0,0,0,0,1,0,0,0,0,1
2013-11-13T22:02:00Z,"Social media malpractice. RT @ rachelsedelman: If you feel like a failure, imagine being the person who came up with # AskJPM",1,0,1,1,0,2,0,1,0,0,6,0
2013-11-13T22:02:00Z,This was the first 1 I saw cc: @ evanmcmurry @bySamRo RT @ EddyElfenbein: What's the best way to get blood stains out of a clown suit? # AskJPM,0,1,0,0,1,0,1,0,1,0,0,4
2013-11-13T22:03:00Z,Does Jamie Dimon pet a small cat and laugh ominously while he's ruining poor people's lives? # AskJPM,0,0,0,0,1,2,1,0,1,0,2,3
2013-11-13T22:03:00Z,How much extra cash do you earn by debiting accounts a day earlier than the actual payment date set on Chase Online BillPay? $1tr? # AskJPM,1,1,0,1,1,2,4,0,0,2,4,8
2013-11-13T22:03:00Z,"I have Mortgage Fraud, Market Manipulation, Credit Card Abuse, Libor Rigging and Predatory Lending AM I DIVERSIFIED? # AskJPM",3,0,1,3,0,4,2,1,0,1,12,3
2013-11-13T22:03:00Z,"RT @ ABWashBureau: Given the unqualified success of # AskJPM, I'm really looking forward to # AskBofA, # AskCiti and # AskWells. Should be any...",0,1,0,0,1,0,2,0,0,0,0,4
2013-11-13T22:03:00Z,Would you rather live in the descendency of a civilization or evict a cancer riddled woman out of her home? # AskJPM,1,0,1,1,0,3,1,2,0,1,8,2
2013-11-13T22:04:00Z,Are SEC regulators good in bed or do they just kinda lie there? # AskJPM,1,1,1,0,1,1,1,1,1,1,4,5
2013-11-13T22:04:00Z,Have you been practicing getting a camel through the eye of a needle? # AskJPM,0,0,0,0,0,0,1,0,0,0,0,1
2013-11-13T22:04:00Z,I came here to bitch about Jared Diamond not Jamie Dimon. are they the same guy? # askJPM,1,0,1,1,1,1,1,1,0,0,5,2
2013-11-13T22:04:00Z,Must clarify: my @ alexisgoldstein RT is just my fave example of # AskJPM going off the rails...,0,0,0,0,0,0,1,0,0,0,0,1
2013-11-13T22:04:00Z,"RT @ ABWashBureau Given the unqualified success of # AskJPM,really looking forward to # AskBofA, # AskCiti and # AskWells. Should be any day now.",0,1,0,0,1,0,2,0,0,0,0,4
2013-11-13T22:04:00Z,What is yo opinion of Smith Barney? # AskJPM,0,0,0,0,0,0,0,0,0,1,0,1
2013-11-13T22:05:00Z,# AskJPM I heard you have sudden openings in your PR department. I would apply if I wasn't so inconveniently burdened by morality.,0,0,0,0,0,0,1,0,1,1,0,3
2013-11-13T22:05:00Z,This is getting ugly... RT @ amy10506: Are SEC regulators good in bed or do they just kinda lie there? # AskJPM,1,1,2,0,1,2,1,1,1,1,6,5
2013-11-13T22:06:00Z,Did you guys seriously expect to have any non-ironic questions made with this HT? # askJPM,0,1,0,0,0,0,1,0,1,1,0,4
2013-11-13T22:06:00Z,Does CEO Jamie Dimon always laugh in front of congress when he loses hundreds of millions of dollars? # AskJPM,0,0,1,0,1,0,1,0,1,1,1,4
2013-11-13T22:06:00Z,"Loving the amount of # snark brought on by # AskJPM As awful as they are, the questions are making my day.",1,0,1,1,1,1,1,1,0,1,5,3
2013-11-13T22:06:00Z,Must work. But # AskJPM feed: Too delicious.,0,0,0,0,1,0,1,0,0,0,0,2
2013-11-13T22:06:00Z,"You do realize you're not being compensated for your talent, yes? You're just the dumb Ivy legacy kids burning other people's money. # AskJPM",1,1,0,0,1,1,2,0,1,1,2,6
2013-11-13T22:07:00Z,How are you planning to spend the savings made from firing your social media team? # askJPM,0,1,0,0,0,0,2,0,0,2,0,5
2013-11-13T22:07:00Z,Shallow grave or 55 gallon drum? # AskJPM,0,0,0,1,0,1,0,1,0,0,3,0
2013-11-13T22:08:00Z,Carpe meum? :) RT @ ReformedBroker: What power grabs are you planning to execute during the next financial crisis you help to cause? # AskJPM,0,1,0,0,0,1,1,0,0,1,1,3
2013-11-13T22:08:00Z,it's making me feel good about humanity RT @ jgreendc: The # AskJPM hashtag is an absolute delight,0,2,0,0,3,0,4,0,1,2,0,12
2013-11-13T22:08:00Z,"JP Morgan thought Bernie Madoff was a good bet at $200 million, a month before he got caught. Can we trust its judgment? # AskJPM",0,2,0,0,1,0,1,0,2,2,0,8
2013-11-13T22:08:00Z,What power grabs are you planning to execute during the next financial crisis you help to cause? # AskJPM,0,1,0,0,0,1,1,0,0,1,1,3
2013-11-13T22:08:00Z,Will # AskJPM force @ tomgara to use a hashtag?,1,0,0,1,0,1,0,0,0,0,3,0
2013-11-13T22:08:00Z,Wow... who thought # AskJPM would be a good idea? On the flip side reading the tweets is hilarious.,0,2,0,0,2,0,3,0,2,1,0,10
2013-11-13T22:09:00Z,@ alexisgoldstein Stupid Q. # AskJPM doesn't need your human beds. They rest in vats of virgins' tears recharging their contempt.,1,0,1,1,0,2,1,0,0,0,5,1
2013-11-13T22:09:00Z,@ pareene maybe that's a question for # AskJPM. How close are you to handing over $9 billion or so for lying about quality of bonds you sold?,1,0,1,0,0,2,1,0,0,0,4,1
2013-11-13T22:09:00Z,How does it feel to now be considered worse than a vampire squid? # AskJPM,1,0,1,2,0,2,0,1,0,0,7,0
2013-11-13T22:09:00Z,JPMorgan is asking people to send in questions on twitter using hashtag # AskJPM. Please feel free to hash tag away. via Occupy Miami,0,0,0,0,0,1,1,0,0,0,1,1
2013-11-13T22:09:00Z,So the # AskJPM hashtag is responsible for grinding the productivity of dozens of financial reporters to a complete stop.,0,0,0,0,0,1,2,0,0,1,1,3
2013-11-13T22:09:00Z,UOENO how to diversify yo bonds tho # AskJPM,0,0,0,0,0,1,0,0,0,0,1,0
2013-11-13T22:10:00Z,@ jpmorgan how many jobs did you outsource in favor of your golden toilets and more financial crimes being committed # AskJPM,0,0,0,0,0,0,1,0,0,1,0,2
2013-11-13T22:10:00Z,# AskJPM One time you thought you were to big to fail. This second time do you really think you are oo big to jail?;;;#;00747613756329984;https://twitter.com/KLinLA/status/400747613756329984,0,3,0,1,0,1,0,1,0,0,3,3
2013-11-13T22:10:00Z,Do you notch your belt or your suspenders every time you score on another regulatory capture? # AskJPM,1,2,0,2,1,3,1,0,1,0,6,5
2013-11-13T22:10:00Z,"If you haven't read the # askJPM tweets, you are really missing out. Social media at its finest/worse/snarkiest.",0,0,0,2,0,2,0,2,0,0,6,0
2013-11-13T22:10:00Z,"Okay, I'm beginning to feel just a *tiny* bit bad for Jimmy Lee here, which is saying a lot for me. But I am a banker. # AskJPM",1,0,1,1,0,1,0,1,0,1,5,1
2013-11-13T22:11:00Z,"As a young sociopath, how can I succeed in finance? # AskJPM",0,2,0,0,2,0,2,0,2,1,0,9
2013-11-13T22:11:00Z,Can we live in a world without fees and debt? # AskJPM,0,0,0,0,0,1,0,1,0,0,2,0
2013-11-13T22:11:00Z,"If you could have a superpower, would you want to fly, be invisible or magically avoid prosecution again and again?! # AskJPM",0,0,1,1,0,2,0,0,0,0,4,0
2013-11-13T22:11:00Z,"Seriously, seriously, why does any remotely controversial organization think twitter chats are a good idea. # AskJPM",1,2,0,0,2,1,2,0,2,2,2,10
2013-11-13T22:11:00Z,"So, how long until the next # AskJPM? I'm thinking never.",0,1,0,0,0,0,0,0,0,0,0,1
2013-11-13T22:12:00Z,# AskJPM How many jailed bankers does it take to change a lightbulb? # careeradvice http://is.gd/6q6chu,0,0,0,1,0,0,0,0,0,0,1,0
2013-11-13T22:12:00Z,# AskJPM how the silver manipulation is going.,1,0,0,1,0,1,0,0,0,0,3,0
2013-11-13T22:12:00Z,# AskJPM is trending No. 1! Which leads me to ask: Is Dimon a girl's best friend?,0,0,0,0,1,0,1,0,0,1,0,3
2013-11-13T22:12:00Z,# AskJPM what brand of champagne were you drinking when you ridiculed # OccupyWallStreet from your balcony?,0,0,0,0,0,1,0,0,0,0,1,0
2013-11-13T22:12:00Z,Are you laughing and thinking there's no such thing as bad social media exposure # askJPM,1,0,1,1,1,1,1,1,0,0,5,2
2013-11-13T22:12:00Z,Can we live in a world without fees and debt? # AskJPM # WWJD,0,0,0,0,0,1,0,1,0,0,2,0
2013-11-13T22:12:00Z,How many lives have you destroyed? # AskJPM,1,0,0,1,0,1,0,1,0,0,4,0
2013-11-13T22:12:00Z,I can't stop reading these # AskJPM tweets ...,0,0,0,0,0,0,1,0,0,0,0,1
2013-11-13T22:12:00Z,"I'd name him Iksil. RT @ matt_levine: Do you like puppies? If you had a puppy, what would you name him? # AskJPM",0,1,0,0,0,0,1,0,0,1,0,3
2013-11-13T22:12:00Z,"If I don't like eating cake, is a lightly toasted brioche an acceptable substitute? # AskJPM # FrenchhistoryLOLZ",0,0,0,0,0,0,1,0,0,0,0,1
2013-11-13T22:12:00Z,"oh boy, ow not to do twitter PR 101 @ helaineolen RT @ timmyconspiracy: How many puppies have you murdered today? # AskJPM",0,0,1,0,0,1,0,0,0,0,2,0
2013-11-13T22:12:00Z,"On this MortgageFraud case I'm filing this week, do I use your NY address for my CrossClaim or is there a better one to use? Thanks! # askJPM",0,0,0,1,0,1,0,1,0,0,3,0
2013-11-13T22:13:00Z,# AskJPM how they've gotten fat on our demise. # fractionalreservebanking,0,0,1,1,0,2,0,2,0,0,6,0
2013-11-13T22:13:00Z,How many times a year do bonds pay interest again? # AskJPM,0,1,0,0,1,1,2,0,0,1,1,5
2013-11-13T22:13:00Z,i know the fact that you just push around enormous amounts of money all day makes you awesomer than me. but *how much* awesomer? # askJPM,1,1,0,0,1,0,1,0,1,2,1,6
2013-11-13T22:13:00Z,Remember that one time you onated $4M+ to NYPD and then # ows got removed from the park? We do!! @ OccupyWallSt # AskJPM # ows,0,1,0,0,0,0,0,0,0,0,0,1
2013-11-13T22:13:00Z,The # AskJPM debacle brings up a variant of a question I've been asking for a while: Does a bank really need to be active on social media?,0,0,0,1,0,1,1,1,0,1,3,2
2013-11-13T22:13:00Z,"Will you use the same types of shitty derivatives for student loans that you did for mortgages, or do you plan to unveil new ones? # AskJPM",0,1,0,0,0,0,0,0,0,0,0,1
2013-11-13T22:14:00Z,# AskJPM are you worried what people will say when they see the silver manipulation evidence that the CFTC ignored?,1,0,0,1,0,2,0,1,0,0,5,0
2013-11-13T22:14:00Z,# AskJPM This poking of the bear has been brought to you by a group of people too disconnected with reality to see what really matters.,1,0,0,1,0,1,0,1,0,0,4,0
2013-11-13T22:14:00Z,# AskJPM why they suddenly put limits on deposit/withD's or transfer of 50k/day. Bank run looming??,0,0,0,0,0,0,0,0,1,1,0,2
2013-11-13T22:14:00Z,Death? Or exile? # AskJPM,2,1,1,2,0,2,0,2,1,0,9,2
2013-11-13T22:14:00Z,If you're looking for a little light entertainment this Thursday morning i suggest you have a look at ---> # askJPM # ausbiz,0,1,0,0,1,0,1,0,1,2,0,6
2013-11-13T22:14:00Z,Is there an income ceiling beyond which it's no longer fun to screw somebody? # AskJPM,0,2,0,0,2,1,2,1,0,1,2,7
2013-11-13T22:14:00Z,Q: When did you stop beating your wife? # AskJPM,1,0,0,1,0,1,0,1,0,0,4,0
2013-11-13T22:14:00Z,Wow what a dumb idea. This is brilliant # askjpm,0,1,0,0,1,1,1,0,0,1,1,4
2013-11-13T22:15:00Z,"# AskJPM Rob Ford, embattled Toronto mayor, admits he has bought illegal drugs - CBS News http://adf.ly/ZGw9Y",2,0,2,2,0,2,1,2,0,0,10,1
2013-11-13T22:15:00Z,At what point did Jaime Dimon to lie about the London Whale with a empest in a Teapot? # AskJPM,1,0,1,0,0,1,0,1,0,0,4,0
2013-11-13T22:15:00Z,Does Dimon just leave the money on the dresser after he visits Congress? # AskJPM,1,1,1,0,1,1,1,1,2,2,4,7
2013-11-13T22:15:00Z,Is ertical integration another name for complete incoherence? ~ Asking for a friend who wants to start a big bank. # AskJPM,0,1,0,0,1,0,1,0,0,2,0,5
2013-11-13T22:15:00Z,"It's a new ballgame for @ jpmorgan. Maybe you wanted trolls, well you got it. RT @ Wu_Tang_Finance UOENO how to diversify yo bonds tho # AskJPM",0,0,0,0,0,1,0,0,0,0,1,0
2013-11-13T22:15:00Z,"They comin for your bacon, bro MT @ ReformedBroker What power grabs are you planning to execute during next crisis you help to cause? # AskJPM",0,1,0,0,0,1,1,0,0,1,1,3
2013-11-13T22:15:00Z,Where did I leave my keys? # askJPM,0,0,0,0,0,1,0,1,1,0,2,1
2013-11-13T22:16:00Z,@ reformedbroker outdoing himself in his own personal # snarkpocalypse on # askJPM,0,0,0,0,0,0,0,0,0,1,0,1
2013-11-13T22:16:00Z,# AskJPM why deposits are termed liabilities by the depositor? B/c your money becomes their money.,2,2,0,0,2,0,2,0,2,2,2,10
2013-11-13T22:16:00Z,# bongbong RT @ Wu_Tang_Finance: UOENO how to diversify yo bonds tho # AskJPM,0,0,0,0,0,1,0,0,0,0,1,0
2013-11-13T22:16:00Z,Did you expect us? # AskJPM,0,1,0,0,0,0,1,0,1,1,0,4
2013-11-13T22:16:00Z,Did you know 15 minutes could save you 15% or more on car insurance? # AskJPM,0,0,0,0,1,0,1,0,0,1,0,3
2013-11-13T22:16:00Z,Does Eric Holder take one lump or two? # AskJPM,0,0,0,0,0,1,0,0,0,0,1,0
2013-11-13T22:16:00Z,Follow the vile crimes of one of the biggest corrupt world banks at # AskJPM,0,0,0,0,0,1,0,0,0,0,1,0
2013-11-13T22:16:00Z,Have you accepted Jesus Christ as your personal savior? # AskJPM,0,0,0,0,0,0,0,0,0,1,0,1
2013-11-13T22:16:00Z,Is there a Scrooge McDuck style money pool somewhere in the office? # AskJPM pic.twitter.com/rAlIeej0Pu,1,1,0,0,1,0,2,0,1,1,1,6
2013-11-13T22:16:00Z,"Maybe a half-step late to the party, but @ davidgaffen is winning # AskJPM by my count.",0,1,1,0,1,1,2,2,1,2,4,7
2013-11-13T22:16:00Z,RT @ JeanineSko: I can't stop reading these # AskJPM tweets ... (Some NSFW),0,0,0,0,0,0,1,0,0,0,0,1
2013-11-13T22:16:00Z,"Will you build your next office space in a forest so when you commit crimes, hopefully no one hears them? # AskJPM",0,0,0,0,0,0,1,0,0,0,0,1
2013-11-13T22:17:00Z,# AskJPM why did teslas funding stop? Oh yeah your a greedy fuck....,0,0,1,0,0,1,0,0,0,0,2,0
2013-11-13T22:17:00Z,Can I have a job please? # AskJPM,0,0,0,0,0,0,1,0,0,0,0,1
2013-11-13T22:17:00Z,Is the # AskJPM program another example of how $ JPM is the best managed bank on the planet?,0,0,0,0,0,0,0,0,0,1,0,1
2013-11-13T22:17:00Z,One reason I'm glad I restarted Twitter: watching the disasters of such things as # AskBG # AskBoris and tonight the epic # AskJPM,0,1,0,0,1,0,3,0,0,0,0,5
2013-11-13T22:17:00Z,What would you even DO with all the money. Have you thought this through? I don't think you have. # AskJPM,1,2,0,0,1,0,1,0,1,1,1,6
2013-11-13T22:17:00Z,"When making hiring decisions, is yo firm accepting of regulator abusers and mad Buddha users? # AskJPM",1,0,1,1,0,1,0,1,0,0,5,0
2013-11-13T22:17:00Z,Why would you never agree to launder my drug money but you do it for the big guys? # AskJPM # smallbusiness,1,1,0,0,1,0,2,0,1,1,1,6
2013-11-13T22:18:00Z,"# AskJPM How do you criminal, greedy rip offs sleep at night? Hopefully the government will deal with you soon and some will be serving time.",1,2,2,2,1,3,1,0,1,1,8,6
2013-11-13T22:18:00Z,"# AskJPM why US citz w/ a foreign held account, said account is not FDIC insured.",0,0,0,0,0,1,0,0,0,2,1,2
2013-11-13T22:18:00Z,"# AskJPM, why do you oppose regulation of banks , pay your ececs so much, charge high interest on creditcards, please tell us",0,1,0,0,1,1,2,0,0,1,1,5
2013-11-13T22:18:00Z,Are you less evil or just not as smart as Goldman Sachs? # askJPM,1,0,1,1,0,1,0,1,0,0,5,0
2013-11-13T22:18:00Z,"Are you relieved that credit ratings services are so inept, or would your billables be even higher if you faced competent scrutiny? # AskJPM",1,0,1,0,0,2,2,0,0,2,4,4
2013-11-13T22:18:00Z,I'm really hoping Jimmy Lee DOES show up tomorrow! # askJPM,0,1,0,0,0,0,0,0,0,1,0,2
2013-11-13T22:18:00Z,"If you need some hilarity, you might want to check out # AskJPM",0,0,0,0,1,0,1,0,0,0,0,2
2013-11-13T22:18:00Z,"Oh my lord, the # askjpm session. Will go down as case study in corporate use of social media.",0,0,1,1,0,2,2,1,0,1,5,3
2013-11-13T22:19:00Z,@ davidgaffen:What does Marcellus Wallace look like? # AskJPM do the american people look like a bitch? Then why would you fuck us like one?,1,0,1,1,0,1,0,1,0,0,5,0
2013-11-13T22:19:00Z,"@ jpmorgan which financial crime are you most proud of? Bribery (Jefferson county), fraud, rigging markets or money laundering # AskJPM",3,2,1,0,2,3,2,0,1,3,7,10
2013-11-13T22:19:00Z,"# AskJPM as virtual stockade and tomato pelting show. Get your virtual rage on, then continue in real helplessness. Well played, @ jpmorgan.",1,1,0,1,0,2,2,1,0,3,5,6
2013-11-13T22:19:00Z,"# AskJPM Does the Federal Reserve's reverse-repo facility reduce the expectations that the...uh...oh, whom I kidding: What's wrong with you?",0,0,0,0,0,1,0,0,0,0,1,0
2013-11-13T22:19:00Z,"# AskJPM RT @ zerohedge: Wait, shouldn't Tepco's ontainment building NOT be leaking?",0,1,0,0,0,1,1,0,0,0,1,2
2013-11-13T22:19:00Z,"# AskJPM, I have 100 SLV units, where & how can I convert it into real AG (Silver)?",0,0,0,0,0,0,2,0,0,1,0,3
2013-11-13T22:19:00Z,At what date will you be able to securitize your commit fraud pay the fines business model? # AskJPM,1,1,0,0,1,1,2,0,0,1,2,5
2013-11-13T22:19:00Z,Can I redeem my reward points in Renminbi? # AskJPM,0,1,0,0,1,0,1,0,1,1,0,5
2013-11-13T22:19:00Z,Do you think the guy working on # AskGoldmanSachs just crossed it off his to-do list? # AskJPM,0,0,0,0,0,0,1,0,0,0,0,1
2013-11-13T22:19:00Z,"Jamie, we know you're richer than that one analyst, but are you richer than ALL of the analysts? # AskJPM",0,1,0,0,0,0,1,0,0,1,0,3
2013-11-13T22:19:00Z,Q: When did the realization the London Whale trades had escalated beyond your control feel the same as this spiraling PR disaster? # AskJPM,1,0,1,1,0,1,0,1,1,0,5,1
2013-11-13T22:19:00Z,Take a little break and check out # AskJPM on Twitter. Hilarious!,0,0,0,0,1,0,1,0,2,0,0,4
2013-11-13T22:19:00Z,was Washington Mutual buried alive? open the coffin so we can look for fingernail scratches... # AskJPM,0,1,0,2,1,2,2,2,0,1,6,5
2013-11-13T22:19:00Z,What does it look like when a Twitter experiment goes wrong? # AskJPM,0,1,0,0,0,1,0,0,1,0,1,2
2013-11-13T22:20:00Z,".@vandermy gave me a heads up about the # AskJPM hashtag. Gold, pure gold.",0,0,0,0,0,0,2,0,0,0,0,2
2013-11-13T22:20:00Z,"# AskJPM Be honest...OFAC aren't rules, they're more guidelines, right?",1,0,1,1,1,0,1,1,0,1,4,3
2013-11-13T22:20:00Z,# AskJPM Could you break out EBT processing income from EPS?,0,1,0,0,1,1,1,1,1,1,2,5
2013-11-13T22:20:00Z,# AskJPM when will paper silver collapse? Let's get the show on the road.,0,0,1,1,0,1,0,1,0,1,4,1
2013-11-13T22:20:00Z,Dear # AskJPM: Cubs or Sox? Yanks or Mets?Less filling or astes great? Support your answers with concrete examples.,0,0,0,0,0,0,1,0,0,0,0,1
2013-11-13T22:20:00Z,If Goldman is the vampire squid does that mean you're a shifter squid or a weresquid? Probably not a fairy squid # AskJPM,1,0,1,1,0,1,0,0,0,0,4,0
2013-11-13T22:20:00Z,So is @ jpmorgan going to see the funny side of the # AskJPM debacle or quickly fire some ppl? I'm thinking the latter...,0,0,0,2,0,1,0,1,0,0,4,0
2013-11-13T22:20:00Z,"Where does # AskJPM fall among your company's smart, sensible business strategies?",0,0,0,0,0,1,0,1,0,0,2,0
2013-11-13T22:21:00Z,# AskJPM Explain the zero trading losses. We would all like to manipulate the market the way you do.,0,0,0,0,0,1,1,0,0,1,1,2
2013-11-13T22:21:00Z,"# AskJPM, do u laugh @customers who purchase JPM structured products where your beneficial counter-party during the presentation or after?",0,0,0,0,1,0,2,0,1,0,0,4
2013-11-13T22:21:00Z,Can you tell us how often you replace @elizabethforma's name with profanity in meetings? # AskJPM,1,0,0,0,0,1,0,0,0,0,2,0
2013-11-13T22:21:00Z,Do you think this experiment will be an HBS case study next year? # AskJPM,0,1,0,1,0,1,1,1,1,0,3,3
2013-11-13T22:21:00Z,"How much panache does it take to dot an 'i', cross a 't', and say hus I willed it at the world largest banking bureaucracy? # AskJPM",1,0,0,1,0,2,1,1,0,1,5,2
2013-11-13T22:21:00Z,I hope they answer this one RT @ kevinroose Would you rather negotiate with 1 horse-sized Eric Holder or 100 duck-sized Eric Holders? # AskJPM,0,1,0,0,1,0,2,0,1,3,0,8
2013-11-13T22:21:00Z,Q: Will JP Morgan sponsor a new building at Harvard Business School in exchange for HBS not writing a social media case about # AskJPM?,0,0,0,1,0,1,3,1,0,3,3,6
2013-11-13T22:21:00Z,Remember the days when your biggest PR disaster was getting rid of aquariums? # AskJPM,1,0,1,1,0,1,0,1,1,0,5,1
2013-11-13T22:21:00Z,So how many tungsten filled gold bars are in those vaults under NYC?? # AskJPM,0,0,0,0,0,0,1,0,0,0,0,1
2013-11-13T22:21:00Z,What else could US do with $13 billion/yr spent on tax loophole for hedge fund managers? # askjpm,0,0,0,0,0,2,0,1,0,0,3,0
2013-11-13T22:21:00Z,Would you mind using lube next time you fuck us? Or at least tell us we're pretty? # AskJPM,0,2,0,0,1,0,1,0,0,1,0,5
2013-11-13T22:22:00Z,@ doeyjavis: Is there a Scrooge McDuck style money pool somewhere in the office? # AskJPM pic.twitter.com/nFLBPwNeo7,1,1,0,0,1,0,2,0,1,1,1,6
2013-11-13T22:22:00Z,"@ EpicureanDeal @ LizziePaton No, because Custer knew right away there was no escape. JPM hasn't shot their limos for shelter # AskJPM",1,1,0,2,0,2,2,1,1,1,6,5
2013-11-13T22:22:00Z,# AskJPM This is pretty funny.,0,1,0,0,1,0,1,0,0,1,0,4
2013-11-13T22:22:00Z,Are you concerned by Peter Jackson's Hobbit films depicting Smaug and other sufferers of old sickness in a negative light? # AskJPM,0,0,1,2,0,2,0,3,0,0,8,0
2013-11-13T22:22:00Z,"Hey new prez of @ jpmorgan, what are you doing to stop housing injustice? # AskJPM # jpmorgan # chasebank",1,0,0,0,0,1,0,0,0,0,2,0
2013-11-13T22:22:00Z,How exactly did you coerce @ Twitter to steal the @ Chase handle from @ ChaseGiunta ? # AskJPM,2,0,1,2,0,2,0,1,0,0,8,0
2013-11-13T22:22:00Z,"If there was no Federal Reserve, and fractional reserve banking was illegal, what would you be doing for a living? # AskJPM",1,0,1,1,0,1,2,1,0,0,5,2
2013-11-13T22:22:00Z,Laughing my ass off...stream.. # askjpm,0,0,0,0,1,1,1,0,0,0,1,2
2013-11-13T22:22:00Z,"Yes, we know. MT: @ jpmorganTS $ JPM VC Jimmy Lee will host a live Q&A on his career experiences 11/14 at 1pm ET. tweet Qs using # AskJPM",0,1,0,0,0,0,1,0,0,0,0,2
2013-11-13T22:23:00Z,. @ jpmorgan asked for questions and got ones like this: o you not realize the vast majority of Americans know you are criminals? # AskJPM,0,0,0,0,1,0,1,0,0,1,0,3
2013-11-13T22:23:00Z,# ASKJPM Is bitcoin giving you chills? What new financial product are you weaving to manipulate it?,0,0,0,0,0,1,1,0,0,0,1,1
2013-11-13T22:23:00Z,"# AskJPM would u rather. A) QE tapers in 2015, but u get unlimited bucks now til then, or B) QEinfinity capped at $100B/month? # tcot # tlot",0,0,0,0,0,0,1,0,0,0,0,1
2013-11-13T22:23:00Z,Blowing up right now... Follow # AskJPM to watch. RT @ zerohedge: How JPMorgan's Latest PR Stunt Blew Up In Its Face http://tinyurl.com/pkldg5x,0,1,0,1,0,0,0,0,0,0,1,1
2013-11-13T22:23:00Z,"Has # AskJPM gotten too big to fail? If it falters, is it eligible for TARP funding?",0,0,0,0,0,0,1,0,0,0,0,1
2013-11-13T22:23:00Z,How much does it cost you to leverage the media into covering up your crimes against humanity? # AskJPM,0,0,0,0,1,0,2,0,0,1,0,4
2013-11-13T22:23:00Z,I only condescend to the use of the universally reviled and abhorrent hashtag under exceptionally amusing conditions. # AskJPM,1,0,1,1,1,1,1,0,0,0,4,2
2013-11-13T22:23:00Z,"If you need someone to leave you with less egg on your face than # askJPM, I'll advise for $500k a year & work from home.",0,0,0,0,0,1,1,1,1,1,2,3
2013-11-13T22:23:00Z,"If you're a large, unpopular financial corporation, the tough part about public relations is the public. # AskJPM",0,2,1,0,0,2,3,2,0,1,5,6
2013-11-13T22:23:00Z,"Is over-leveraging really as exciting as skydiving or just kinda, eh # AskJPM",0,1,0,0,1,0,1,0,1,0,0,4
2013-11-13T22:24:00Z,@ jpmorgan Why did you close all of my accounts?!?!?! # AskJPM,0,0,0,0,0,0,0,0,0,1,0,1
2013-11-13T22:24:00Z,@ richdhw You actually expecting answers to any of those questions? # AskJPM,0,1,0,0,0,0,0,0,0,0,0,1
2013-11-13T22:24:00Z,# AskJPM @ jpmontoya Would you rank your # NASCAR career as a success? Failure? Something in the middle?,0,2,1,1,1,1,2,1,0,0,4,5
2013-11-13T22:24:00Z,"# AskJPM The world needs nurses, social workers, teachers, firefighters, doctors and many other important roles filled. # realwork # realvalue",0,0,0,0,0,0,1,0,0,1,0,2
2013-11-13T22:24:00Z,# AskJPM What are we buying tommorow? Efficient markets FTW!,0,1,0,0,0,0,1,0,0,1,0,3
2013-11-13T22:24:00Z,# AskJPM who will be president of the major central banks in 2014... sorry that question is actually for # AskGS.,0,0,0,0,0,0,3,0,0,1,0,4
2013-11-13T22:24:00Z,Cannot wait for Thursday's here The Money Is take on the glorious spectacle that is # AskJPM. cc: @TMFFinancials,1,2,0,0,1,2,2,0,1,1,3,7
2013-11-13T22:24:00Z,Does Dimon leave the money on the dresser after he visits Congress? # AskJPM via @ ZaneZodrow @ OccupyWallSt @ YourAnonNews @ alexisgoldstein,1,1,1,0,1,1,1,1,2,2,4,7
2013-11-13T22:24:00Z,I want to # AskJPM whether it was Jamie that taped the $2 bill to Bear Stearns bldg.and whether the trading desk was net short on the stock.,1,0,0,1,0,0,0,0,0,0,2,0
2013-11-13T22:24:00Z,What is your plan to catch up to HSBC & Wachovia in laundering Mexican drug cartel money? # AskJPM,1,2,0,0,1,1,1,0,2,1,2,7
2013-11-13T22:24:00Z,Why do u think have bankers learnt NOTHING about ethics & morality since 2008? Why is financial business still based on naked greed? # AskJPM,1,0,1,0,0,1,2,0,0,1,3,3
2013-11-13T22:25:00Z,"$ JPM earned $5.6 billion in 2008, got $25 billion from the government & paid out $8.69 billion in bonuses. Is that awesome or what? # ASKJPM",0,0,0,1,0,1,0,0,0,0,2,0
2013-11-13T22:25:00Z,Dear @ jpmorgan: you get what you # AskJPM for.,0,0,0,0,0,0,1,0,0,0,0,1
2013-11-13T22:25:00Z,I think that even trying to do # AskJPM shows a colossal misunderstanding of the Twitter audience and how that audience perceives JPMorgan.,1,2,0,0,0,1,1,1,0,0,3,3
2013-11-13T22:25:00Z,Need a laugh? Read the # AskJPM feed. You won't regret it.,0,0,0,0,1,1,1,1,1,0,2,3
2013-11-13T22:25:00Z,Ouch. RT @ SconsetCapital @ jpmorgan Is it true PM stands for Just Pay More # AskJPM,0,1,0,0,2,0,2,0,0,2,0,7
2013-11-13T22:25:00Z,Reading through the # AskJPM is like a roll call of everyone I've worked with in NYC. Financial journos do have a sense of humor.,0,0,0,0,0,0,2,0,0,0,0,2
2013-11-13T22:25:00Z,RT @ SuperCorpHeroes: Search for # AskJPM for a good laugh. Vice Chairman Jimmy Lee answers your questions for 1 hr... https://twitter.com/SuperCorpHeroes/status/400750278615375873/photo/1pic.twitter.com/0t0q0ycHSx,0,1,0,0,2,1,3,0,2,2,1,10
2013-11-13T22:25:00Z,Search for # AskJPM for a good laugh. Not the best PR strategy,0,1,0,0,2,0,2,0,2,1,0,8
2013-11-13T22:25:00Z,"When will those of you who have taken so much from so many, be held - personally - accountable? # askJPM",0,0,0,0,0,0,1,0,0,1,0,2
2013-11-13T22:26:00Z,@ 1humanvoice: How much does it cost you to leverage the media into covering up your crimes against humanity? # AskJPM,0,0,0,0,1,0,2,0,0,1,0,4
2013-11-13T22:26:00Z,@ HeatherFaison: 1. Look up # AskJPM 2. Laugh. Loudly.,0,0,0,0,1,0,1,0,1,0,0,3
2013-11-13T22:26:00Z,@ TwainsMustache I thihnk that their next meeting would be better off held in prison # AskJPM,1,0,0,1,0,1,0,1,0,0,4,0
2013-11-13T22:26:00Z,# AskJPM showing the true social mood just shy of pitchforks and torches.,0,0,0,0,1,0,1,0,0,1,0,3
2013-11-13T22:26:00Z,# askJPM SO....who will be the next president? I mean. We all know he/she is already bought and sold by you guys.,0,0,0,0,0,0,1,0,0,1,0,2
2013-11-13T22:26:00Z,Do u agree fines r not enough to deter recidivism when # banksters r found guilty of fraud? Do u agree they shd b jailed? # AskJPM,3,0,1,0,1,3,3,2,0,1,9,5
2013-11-13T22:26:00Z,RT: @ EpicureanDeal Will JPM sponsor a new building at Harvard Business School in exchange for not writing a social media case about # AskJPM?,0,0,0,1,0,1,3,1,0,3,3,6
2013-11-13T22:27:00Z,@occupyphoenix That was top shelf.... # AskJPM whether he gave tips to SAC # insidertrading,0,1,0,0,0,0,1,0,0,1,0,3
2013-11-13T22:27:00Z,# AskJPM Is there a single shred of human decency in the entire place?,0,0,0,0,0,0,1,0,0,0,0,1
2013-11-13T22:27:00Z,"# AskJPM Who is running your risk department? Whales, social media fails ...",0,1,0,1,0,1,0,0,0,0,2,1
2013-11-13T22:27:00Z,"Are we ever going 2 c honest banking practised again? If so, when & where do u think that will happen? Only in Grameen Bank? # AskJPM",1,1,1,1,1,0,1,1,0,2,4,5
2013-11-13T22:27:00Z,Now's the time for firms to release embarrassing public information. Every financial journalist in the Western World is busy reading # AskJPM,0,2,0,0,0,1,4,0,0,0,1,6
2013-11-13T22:27:00Z,Omg. Public relations nightmare. # AskJPM,0,1,0,1,0,1,1,0,0,0,2,2
2013-11-13T22:27:00Z,Which is more fun? Servicing home mortgages or clubbing baby Harp seals? # AskJPM,0,1,0,0,2,0,2,0,0,1,0,6
2013-11-13T22:27:00Z,Will I get a holiday card this year? # AskJPM,0,1,0,0,1,0,1,0,0,0,0,3
2013-11-13T22:27:00Z,Will Jamie Dimon go out for a beer with me please? # AskJPM,0,0,0,0,1,0,1,0,0,0,0,2
2013-11-13T22:28:00Z,@ ObsoleteDogma I vote this up as the @ JPMorgan # AskJPM Tweet Of The Day,1,1,0,0,1,1,1,1,1,1,3,5
2013-11-13T22:28:00Z,# AskJPM # askCNBC do you understand the definition of the word witchhunt? And that this is not it?,0,0,0,0,0,0,1,0,0,1,0,2
2013-11-13T22:28:00Z,# askJPM Can I get paid a banker bonus if I ask nice questions?? My student loans are just outrageous,0,1,0,0,1,0,1,0,2,1,0,6
2013-11-13T22:28:00Z,# AskJpm Did you really pay the TARP money or you just said you did?,1,2,0,0,2,0,2,0,1,2,1,9
2013-11-13T22:28:00Z,# AskJPM Gold inventories: how's November looking,0,0,0,0,0,0,1,0,0,0,0,1
2013-11-13T22:28:00Z,# AskJPM when is the next blue whale coming ?,0,1,0,0,0,0,0,1,0,0,1,1
2013-11-13T22:28:00Z,i think today's failed # askJPM exercise would make for a great case study in @ KaganJ's course at @ Columbia_Biz,0,0,0,1,0,1,1,1,0,0,3,1
2013-11-13T22:28:00Z,IS IT A FAIR ASSUMPTION THAT YO SOCIAL MEDIA TEAM DID NOT PROPERLY PROTECT YA NECK? # AskJPM # WuWednesday,0,0,0,0,0,0,2,0,0,1,0,3
2013-11-13T22:28:00Z,"Who would win in a fight, Ditka or Jamie Dimon? # AskJPM",1,0,0,1,0,1,0,0,0,0,3,0
2013-11-13T22:28:00Z,Would you consider JPM more or less popular than the Ebola virus? # AskJPM,0,0,0,0,0,1,0,0,0,0,1,0
2013-11-13T22:29:00Z,# AskJPM Do you take lemon or honey with your tempest in a teapot?,1,1,1,1,0,2,1,1,1,0,6,3
2013-11-13T22:29:00Z,# AskJPM Mr. Dimon many are jealous of your amazingly accurate gold selling at much higher prices. Are you still bearish on gold?,2,0,1,1,1,1,4,0,1,1,5,7
2013-11-13T22:29:00Z,"Can I get in on your next rate-rigging scheme? I missed out on LIBOR, so I'm looking to make up for it this time. # AskJPM",0,1,0,0,0,1,0,0,0,0,1,1
2013-11-13T22:29:00Z,"corpounreal: # AskJPM What motivates you? Is it pure hatred for the rest of humanity, or absolute love for yourselves?",1,0,1,1,2,1,4,1,0,1,5,7
2013-11-13T22:29:00Z,Do you honestly think you deserve to get paid about 1000x more than your tellers? @ jpmorgan # AskJPM,1,1,0,0,0,0,1,0,0,1,1,3
2013-11-13T22:29:00Z,How does it feel to be a force for evil in the world? # AskJPM,2,0,1,2,0,2,0,1,0,0,8,0
2013-11-13T22:29:00Z,"Jamie, were you on boombox when that stripper visited the Toronto Stock Exchange? # AskJPM pic.twitter.com/X34DjibFH1",0,0,0,0,0,0,1,0,0,1,0,2
2013-11-13T22:29:00Z,JPMorgan asked people to send in questions on twitter using hashtag # AskJPM. It's hilarious.,0,0,0,0,1,0,1,0,1,0,0,3
2013-11-13T22:29:00Z,"Mo money, mo problems, amirite? # AskJPM",1,1,0,0,1,0,1,0,1,1,1,5
2013-11-13T22:29:00Z,R u really naive/stupid/dishonest enough 2 believe that a bit of PR spin on twitter will make ppl trust # banksters again? # AskJPM,1,0,1,0,0,3,0,1,0,1,6,1
